product_id,product_name,category,price,created_date,created_by
1,Serious,Sports,111.33,2025-01-07,ADMIN
2,Base,Sports,275.03,2024-06-21,ADMIN
3,Side,Clothing,139.54,2025-03-03,ADMIN
4,Hour,Electronics,676.7,2025-04-12,ADMIN
5,Detail,Books,86.94,2026-04-27,ADMIN
6,Role,Beauty,31.78,2024-06-03,ADMIN
7,Image,Electronics,218.64,2024-09-22,ADMIN
8,Education,Books,602.02,2024-12-15,ADMIN
9,Magazine,Books,198.84,2025-04-16,ADMIN
10,Design,Sports,701.32,2025-08-15,ADMIN
11,Animal,Beauty,220.44,2024-10-12,ADMIN
12,Particular,Books,278.19,2025-12-20,ADMIN
13,Piece,Toys,6.5,2026-02-20,ADMIN
14,Congress,Toys,159.66,2025-03-24,ADMIN
15,College,Beauty,340.25,2026-03-09,ADMIN
16,Prepare,Clothing,215.31,2026-01-09,ADMIN
17,Stock,Toys,336.59,2026-03-11,ADMIN
18,Method,Electronics,379.93,2025-10-23,ADMIN
19,Trade,Home & Kitchen,847.49,2025-10-01,ADMIN
20,Save,Books,264.52,2024-11-04,ADMIN
21,You,Electronics,729.73,2024-06-16,ADMIN
22,Always,Books,124.83,2025-12-16,ADMIN
23,Say,Beauty,78.8,2025-07-02,ADMIN
24,Almost,Home & Kitchen,829.4,2024-07-19,ADMIN
25,Military,Books,885.45,2024-10-21,ADMIN
26,Check,Home & Kitchen,577.35,2026-04-07,ADMIN
27,Seven,Sports,69.56,2025-04-05,ADMIN
28,Subject,Sports,227.9,2024-09-10,ADMIN
29,Million,Home & Kitchen,985.22,2025-01-11,ADMIN
30,Republican,Toys,232.79,2025-05-16,ADMIN
31,News,Electronics,380.13,2024-11-25,ADMIN
32,Human,Beauty,635.68,2026-01-25,ADMIN
33,Performance,Home & Kitchen,162.65,2024-12-09,ADMIN
34,Still,Home & Kitchen,209.51,2026-02-10,ADMIN
35,Would,Home & Kitchen,701.82,2024-12-13,ADMIN
36,Development,Sports,648.04,2025-06-06,ADMIN
37,Imagine,Books,634.98,2024-09-13,ADMIN
38,Plant,Books,729.13,2025-12-20,ADMIN
39,Bank,Clothing,462.26,2025-05-07,ADMIN
40,Character,Home & Kitchen,989.52,2026-02-17,ADMIN
41,Structure,Sports,688.16,2025-03-23,ADMIN
42,Truth,Clothing,684.61,2026-04-09,ADMIN
43,Similar,Toys,768.31,2025-01-08,ADMIN
44,These,Electronics,229.05,2025-12-24,ADMIN
45,Us,Electronics,805.05,2025-01-16,ADMIN
46,Eye,Beauty,267.74,2025-06-25,ADMIN
47,Thus,Clothing,913.14,2025-07-21,ADMIN
48,Miss,Books,876.37,2026-04-01,ADMIN
49,Recently,Home & Kitchen,212.63,2025-11-10,ADMIN
50,Person,Beauty,395.63,2026-04-27,ADMIN
51,Increase,Sports,458.85,2025-02-14,ADMIN
52,Manager,Home & Kitchen,139.63,2026-04-28,ADMIN
53,Them,Sports,561.37,2024-07-06,ADMIN
54,Management,Home & Kitchen,747.01,2024-07-09,ADMIN
55,Fight,Beauty,897.82,2026-02-06,ADMIN
56,Rise,Beauty,362.0,2026-02-21,ADMIN
57,Situation,Clothing,509.53,2025-11-12,ADMIN
58,Always,Electronics,755.78,2025-04-05,ADMIN
59,Plan,Toys,109.65,2024-11-23,ADMIN
60,Focus,Sports,159.98,2025-11-07,ADMIN
61,Room,Sports,422.16,2024-05-29,ADMIN
62,Also,Electronics,384.77,2025-07-05,ADMIN
63,Anything,Books,996.12,2024-09-07,ADMIN
64,Other,Books,251.41,2024-06-04,ADMIN
65,Success,Books,860.78,2024-12-26,ADMIN
66,Certain,Electronics,680.28,2025-08-02,ADMIN
67,For,Electronics,681.71,2024-08-02,ADMIN
68,Side,Books,750.88,2026-05-02,ADMIN
69,Office,Toys,640.96,2025-02-07,ADMIN
70,Soon,Electronics,293.5,2024-09-17,ADMIN
71,History,Clothing,453.72,2024-08-24,ADMIN
72,Could,Sports,875.85,2024-11-18,ADMIN
73,Station,Home & Kitchen,971.89,2024-06-14,ADMIN
74,Seat,Toys,178.65,2024-10-26,ADMIN
75,Choose,Electronics,870.52,2025-03-01,ADMIN
76,Season,Home & Kitchen,841.67,2026-01-10,ADMIN
77,Father,Books,608.97,2026-05-13,ADMIN
78,American,Clothing,373.91,2024-08-26,ADMIN
79,Writer,Clothing,539.38,2026-02-14,ADMIN
80,Summer,Toys,922.43,2026-04-05,ADMIN
81,Development,Electronics,598.94,2024-07-26,ADMIN
82,Capital,Beauty,19.48,2025-09-23,ADMIN
83,Develop,Home & Kitchen,878.72,2025-09-02,ADMIN
84,Quickly,Toys,806.77,2024-12-24,ADMIN
85,Lose,Clothing,57.93,2024-11-10,ADMIN
86,Voice,Books,946.95,2025-01-09,ADMIN
87,Key,Electronics,731.91,2025-10-03,ADMIN
88,Little,Toys,69.21,2026-04-13,ADMIN
89,Sell,Toys,532.71,2024-06-17,ADMIN
90,Nor,Clothing,128.39,2024-09-30,ADMIN
91,Give,Beauty,946.85,2024-07-05,ADMIN
92,Three,Clothing,265.06,2024-06-20,ADMIN
93,See,Toys,606.59,2025-06-04,ADMIN
94,Station,Clothing,928.91,2024-10-05,ADMIN
95,Get,Toys,729.93,2024-06-02,ADMIN
96,More,Clothing,712.95,2026-02-24,ADMIN
97,Partner,Beauty,995.15,2025-08-02,ADMIN
98,Study,Sports,373.42,2026-04-04,ADMIN
99,You,Books,451.49,2025-11-23,ADMIN
100,Live,Clothing,224.7,2025-11-16,ADMIN
101,Home,Home & Kitchen,21.03,2024-08-20,ADMIN
102,Else,Books,230.11,2024-11-19,ADMIN
103,That,Clothing,7.19,2026-04-04,ADMIN
104,Scientist,Sports,631.1,2026-01-21,ADMIN
105,School,Clothing,67.4,2025-04-11,ADMIN
106,National,Electronics,859.64,2025-06-22,ADMIN
107,Goal,Electronics,514.16,2026-03-12,ADMIN
108,Page,Home & Kitchen,668.98,2024-07-23,ADMIN
109,Education,Clothing,539.23,2025-08-22,ADMIN
110,Long,Sports,935.51,2024-06-18,ADMIN
111,Science,Books,576.21,2025-10-14,ADMIN
112,Sea,Clothing,784.62,2026-03-02,ADMIN
113,Travel,Toys,407.06,2024-11-09,ADMIN
114,Down,Electronics,96.93,2024-11-03,ADMIN
115,Whole,Beauty,354.3,2025-02-24,ADMIN
116,Avoid,Beauty,467.02,2025-09-01,ADMIN
117,Law,Sports,54.17,2026-02-25,ADMIN
118,Want,Sports,984.17,2025-11-12,ADMIN
119,Democratic,Electronics,60.61,2024-10-02,ADMIN
120,Big,Sports,339.3,2025-06-30,ADMIN
121,Authority,Toys,109.27,2025-08-22,ADMIN
122,Month,Clothing,190.21,2025-11-15,ADMIN
123,Until,Beauty,140.18,2025-02-08,ADMIN
124,Person,Clothing,278.55,2026-03-11,ADMIN
125,Education,Clothing,874.49,2025-11-13,ADMIN
126,At,Electronics,443.13,2024-06-09,ADMIN
127,Up,Toys,855.97,2025-01-07,ADMIN
128,Case,Electronics,50.59,2025-08-10,ADMIN
129,Region,Books,836.03,2024-10-14,ADMIN
130,Type,Electronics,926.37,2024-07-04,ADMIN
131,Receive,Toys,236.38,2024-11-07,ADMIN
132,Wind,Beauty,485.64,2025-09-14,ADMIN
133,Window,Clothing,864.65,2024-09-27,ADMIN
134,Would,Electronics,164.64,2026-02-10,ADMIN
135,Argue,Electronics,985.31,2026-04-27,ADMIN
136,Student,Home & Kitchen,926.52,2026-01-18,ADMIN
137,Group,Toys,455.01,2025-08-03,ADMIN
138,Music,Beauty,696.59,2026-04-01,ADMIN
139,Pressure,Sports,995.42,2025-10-21,ADMIN
140,Certainly,Books,661.87,2024-12-07,ADMIN
141,Probably,Beauty,154.8,2025-12-26,ADMIN
142,Form,Home & Kitchen,217.7,2026-05-12,ADMIN
143,Benefit,Electronics,579.18,2024-09-07,ADMIN
144,Suggest,Books,60.96,2024-06-13,ADMIN
145,Serve,Home & Kitchen,57.17,2024-06-01,ADMIN
146,Address,Books,476.79,2024-07-24,ADMIN
147,Issue,Toys,531.13,2025-01-06,ADMIN
148,Real,Electronics,960.78,2026-03-03,ADMIN
149,Enter,Electronics,851.34,2026-04-23,ADMIN
150,It,Electronics,595.04,2024-05-30,ADMIN
151,Large,Sports,861.82,2025-11-19,ADMIN
152,Gun,Beauty,119.89,2024-09-04,ADMIN
153,Range,Books,246.22,2024-08-22,ADMIN
154,Understand,Books,39.74,2026-04-06,ADMIN
155,Matter,Electronics,419.22,2025-06-09,ADMIN
156,Stuff,Books,565.23,2024-06-15,ADMIN
157,Large,Home & Kitchen,934.71,2025-06-08,ADMIN
158,What,Clothing,669.73,2025-04-09,ADMIN
159,Side,Home & Kitchen,238.69,2024-09-26,ADMIN
160,Table,Beauty,130.88,2025-03-28,ADMIN
161,Son,Sports,300.0,2024-10-27,ADMIN
162,Wear,Home & Kitchen,929.02,2024-05-29,ADMIN
163,Individual,Electronics,9.32,2026-01-23,ADMIN
164,Public,Books,998.45,2025-04-26,ADMIN
165,Coach,Electronics,73.26,2024-09-28,ADMIN
166,Majority,Clothing,505.88,2024-06-05,ADMIN
167,Federal,Clothing,933.26,2025-01-16,ADMIN
168,Section,Electronics,879.27,2025-12-24,ADMIN
169,Despite,Home & Kitchen,284.99,2025-07-04,ADMIN
170,Almost,Beauty,833.74,2026-03-14,ADMIN
171,Behavior,Sports,302.52,2025-12-29,ADMIN
172,Common,Toys,653.98,2025-12-22,ADMIN
173,Story,Electronics,667.86,2025-05-09,ADMIN
174,Heavy,Books,299.38,2025-04-14,ADMIN
175,Loss,Sports,103.59,2025-06-05,ADMIN
176,Rock,Clothing,264.47,2025-02-15,ADMIN
177,Style,Electronics,742.42,2025-06-20,ADMIN
178,Case,Clothing,272.35,2024-08-28,ADMIN
179,At,Books,210.63,2026-04-03,ADMIN
180,College,Home & Kitchen,203.6,2024-07-12,ADMIN
181,Lot,Sports,852.91,2026-03-15,ADMIN
182,Five,Books,488.53,2024-06-26,ADMIN
183,Field,Toys,50.8,2024-06-27,ADMIN
184,Myself,Sports,423.58,2026-01-22,ADMIN
185,Can,Home & Kitchen,44.09,2026-03-07,ADMIN
186,Writer,Home & Kitchen,771.12,2025-12-02,ADMIN
187,Laugh,Sports,979.8,2024-07-19,ADMIN
188,Fact,Clothing,741.23,2025-09-19,ADMIN
189,Billion,Books,705.67,2025-08-20,ADMIN
190,Throw,Books,9.67,2024-06-09,ADMIN
191,Wall,Electronics,945.05,2024-07-13,ADMIN
192,Indeed,Sports,903.93,2026-05-16,ADMIN
193,According,Books,36.03,2024-08-19,ADMIN
194,Television,Home & Kitchen,582.51,2026-01-18,ADMIN
195,After,Clothing,429.79,2025-05-26,ADMIN
196,Nation,Electronics,308.26,2024-10-04,ADMIN
197,Themselves,Toys,972.2,2025-05-15,ADMIN
198,Design,Electronics,898.92,2025-12-02,ADMIN
199,Treatment,Clothing,682.07,2025-01-08,ADMIN
200,Music,Sports,102.79,2024-08-31,ADMIN
201,Cut,Toys,559.88,2024-09-02,ADMIN
202,Police,Toys,406.38,2025-12-21,ADMIN
203,Executive,Books,749.48,2025-03-22,ADMIN
204,Ball,Clothing,864.61,2025-12-17,ADMIN
205,Maybe,Toys,810.77,2025-03-09,ADMIN
206,Require,Beauty,24.79,2025-10-16,ADMIN
207,Politics,Sports,924.49,2025-11-05,ADMIN
208,Not,Toys,930.82,2025-11-23,ADMIN
209,Factor,Toys,669.91,2025-09-25,ADMIN
210,Head,Sports,810.75,2025-06-11,ADMIN
211,Score,Home & Kitchen,159.2,2024-12-25,ADMIN
212,Less,Sports,108.1,2026-01-01,ADMIN
213,Far,Toys,38.72,2026-03-18,ADMIN
214,Religious,Beauty,222.43,2025-06-15,ADMIN
215,Sit,Toys,918.45,2024-11-09,ADMIN
216,Player,Home & Kitchen,305.19,2026-04-04,ADMIN
217,Family,Toys,871.32,2025-09-04,ADMIN
218,Focus,Clothing,23.66,2024-11-09,ADMIN
219,Thus,Clothing,398.47,2024-10-03,ADMIN
220,Lot,Home & Kitchen,864.35,2024-10-13,ADMIN
221,Focus,Toys,279.12,2025-01-26,ADMIN
222,North,Sports,509.41,2025-05-30,ADMIN
223,Forget,Sports,981.15,2024-11-30,ADMIN
224,Me,Books,331.15,2024-09-17,ADMIN
225,Husband,Electronics,115.34,2024-11-23,ADMIN
226,Trouble,Home & Kitchen,178.57,2025-09-09,ADMIN
227,Bed,Home & Kitchen,38.26,2025-09-06,ADMIN
228,Already,Books,434.56,2025-05-23,ADMIN
229,Take,Sports,786.43,2024-12-08,ADMIN
230,Sea,Beauty,606.21,2024-06-21,ADMIN
231,Right,Books,115.65,2025-12-31,ADMIN
232,Specific,Books,190.08,2025-10-03,ADMIN
233,Agent,Electronics,708.79,2025-08-20,ADMIN
234,Pull,Electronics,519.92,2025-06-25,ADMIN
235,Know,Toys,538.45,2025-10-29,ADMIN
236,Lose,Sports,940.26,2026-04-06,ADMIN
237,Billion,Sports,670.63,2024-09-05,ADMIN
238,This,Home & Kitchen,431.3,2024-12-11,ADMIN
239,Scene,Sports,920.77,2025-11-07,ADMIN
240,Dog,Books,313.92,2025-08-09,ADMIN
241,Arrive,Toys,124.63,2025-04-02,ADMIN
242,Themselves,Home & Kitchen,507.12,2026-02-04,ADMIN
243,Participant,Sports,408.39,2024-10-27,ADMIN
244,Red,Beauty,697.21,2026-04-29,ADMIN
245,Anything,Books,127.29,2024-11-13,ADMIN
246,Agreement,Beauty,664.93,2025-11-08,ADMIN
247,Walk,Beauty,677.32,2025-11-02,ADMIN
248,Improve,Clothing,615.51,2024-08-21,ADMIN
249,Member,Home & Kitchen,406.08,2024-07-18,ADMIN
250,Sometimes,Toys,0.41,2026-05-13,ADMIN
251,Throw,Home & Kitchen,210.18,2026-04-23,ADMIN
252,Behind,Toys,579.98,2026-02-04,ADMIN
253,Simple,Sports,322.25,2026-01-04,ADMIN
254,Too,Beauty,442.16,2025-09-30,ADMIN
255,Sister,Clothing,511.17,2024-09-15,ADMIN
256,Blue,Toys,901.18,2026-03-12,ADMIN
257,Direction,Toys,735.96,2026-05-09,ADMIN
258,Fund,Sports,84.8,2026-01-06,ADMIN
259,Hear,Books,663.85,2024-10-19,ADMIN
260,Couple,Books,335.19,2026-03-08,ADMIN
261,State,Toys,952.0,2024-10-08,ADMIN
262,Why,Clothing,672.8,2024-07-25,ADMIN
263,Compare,Clothing,806.56,2026-02-11,ADMIN
264,Improve,Clothing,24.43,2025-10-27,ADMIN
265,Why,Clothing,983.94,2025-05-25,ADMIN
266,Various,Books,849.74,2024-12-09,ADMIN
267,Fight,Electronics,455.42,2025-06-01,ADMIN
268,Career,Sports,575.67,2025-03-19,ADMIN
269,Local,Sports,696.35,2025-01-23,ADMIN
270,Win,Beauty,399.65,2025-05-09,ADMIN
271,Power,Clothing,656.06,2025-03-18,ADMIN
272,Choice,Electronics,892.66,2026-01-22,ADMIN
273,Teacher,Toys,770.05,2025-08-29,ADMIN
274,Adult,Electronics,778.42,2024-06-26,ADMIN
275,Education,Clothing,175.89,2026-01-27,ADMIN
276,Strategy,Sports,517.96,2026-04-04,ADMIN
277,Score,Electronics,557.41,2025-04-26,ADMIN
278,Long,Toys,121.36,2024-06-19,ADMIN
279,Certainly,Clothing,801.42,2025-11-27,ADMIN
280,Point,Sports,531.13,2024-10-01,ADMIN
281,Total,Books,595.45,2025-07-14,ADMIN
282,Phone,Toys,891.43,2024-07-17,ADMIN
283,Expect,Books,815.01,2024-08-15,ADMIN
284,Story,Books,426.74,2024-09-03,ADMIN
285,Organization,Books,445.91,2025-03-20,ADMIN
286,Consumer,Clothing,743.66,2025-02-03,ADMIN
287,Woman,Beauty,450.07,2025-12-25,ADMIN
288,Hit,Toys,247.24,2025-07-06,ADMIN
289,Administration,Sports,277.31,2025-12-09,ADMIN
290,Accept,Toys,521.3,2024-10-23,ADMIN
291,Type,Sports,239.25,2025-04-18,ADMIN
292,Off,Beauty,77.48,2024-12-18,ADMIN
293,Day,Home & Kitchen,234.49,2026-01-11,ADMIN
294,Main,Home & Kitchen,319.71,2025-08-31,ADMIN
295,Number,Books,80.58,2024-11-05,ADMIN
296,Miss,Clothing,231.26,2024-10-03,ADMIN
297,Positive,Sports,152.81,2024-10-15,ADMIN
298,Statement,Clothing,64.23,2025-10-09,ADMIN
299,System,Beauty,330.88,2025-07-10,ADMIN
300,Party,Beauty,415.77,2026-02-05,ADMIN
301,Should,Clothing,832.89,2025-08-23,ADMIN
302,Soldier,Beauty,904.84,2024-06-27,ADMIN
303,But,Books,946.06,2025-02-18,ADMIN
304,Guess,Electronics,856.73,2025-01-07,ADMIN
305,Pattern,Toys,575.69,2024-09-30,ADMIN
306,Up,Beauty,5.9,2025-07-04,ADMIN
307,Weight,Home & Kitchen,298.61,2025-05-25,ADMIN
308,Program,Beauty,853.45,2025-12-25,ADMIN
309,Company,Toys,419.02,2026-01-24,ADMIN
310,He,Sports,734.63,2026-02-09,ADMIN
311,Only,Toys,603.25,2025-06-21,ADMIN
312,Everyone,Clothing,488.23,2026-01-19,ADMIN
313,Station,Home & Kitchen,435.84,2025-08-28,ADMIN
314,Mind,Electronics,388.86,2024-09-15,ADMIN
315,Analysis,Sports,679.14,2025-06-30,ADMIN
316,By,Beauty,724.18,2025-12-12,ADMIN
317,Fire,Toys,467.39,2025-03-20,ADMIN
318,Son,Clothing,980.72,2025-08-16,ADMIN
319,For,Books,26.97,2026-03-15,ADMIN
320,Write,Beauty,591.89,2025-11-01,ADMIN
321,Because,Sports,27.1,2025-10-21,ADMIN
322,Treat,Sports,428.61,2025-11-23,ADMIN
323,Matter,Toys,461.7,2024-10-02,ADMIN
324,To,Electronics,260.16,2024-05-31,ADMIN
325,Performance,Home & Kitchen,211.66,2024-12-29,ADMIN
326,You,Home & Kitchen,337.5,2026-03-01,ADMIN
327,Approach,Beauty,278.26,2026-03-31,ADMIN
328,Serious,Toys,421.56,2026-01-17,ADMIN
329,News,Toys,81.91,2024-12-10,ADMIN
330,History,Electronics,749.02,2025-01-03,ADMIN
331,Mind,Electronics,999.91,2026-05-11,ADMIN
332,Discuss,Home & Kitchen,224.22,2024-09-01,ADMIN
333,Forget,Electronics,781.23,2025-01-06,ADMIN
334,Take,Sports,40.26,2025-12-28,ADMIN
335,Above,Electronics,949.61,2025-10-26,ADMIN
336,Family,Clothing,839.23,2025-01-24,ADMIN
337,Expect,Books,152.38,2025-01-23,ADMIN
338,Himself,Clothing,473.56,2026-01-03,ADMIN
339,Meet,Electronics,563.97,2025-10-08,ADMIN
340,Fly,Clothing,465.03,2026-03-24,ADMIN
341,Decide,Home & Kitchen,766.9,2024-11-01,ADMIN
342,Child,Clothing,605.89,2025-07-28,ADMIN
343,People,Sports,718.36,2025-07-13,ADMIN
344,Born,Toys,819.3,2025-01-22,ADMIN
345,Help,Home & Kitchen,108.1,2024-12-14,ADMIN
346,Include,Electronics,928.89,2024-08-18,ADMIN
347,Data,Books,677.35,2024-08-29,ADMIN
348,Pay,Beauty,396.65,2026-02-09,ADMIN
349,Plan,Sports,198.33,2024-11-09,ADMIN
350,Listen,Books,690.61,2024-10-17,ADMIN
351,Number,Sports,242.85,2026-02-12,ADMIN
352,Available,Sports,772.48,2025-04-24,ADMIN
353,If,Toys,684.26,2024-11-10,ADMIN
354,Low,Toys,121.06,2024-11-13,ADMIN
355,See,Books,782.64,2025-11-06,ADMIN
356,Always,Home & Kitchen,532.75,2025-09-20,ADMIN
357,Place,Sports,370.57,2025-05-19,ADMIN
358,Type,Books,647.54,2026-05-28,ADMIN
359,Morning,Electronics,849.58,2026-02-13,ADMIN
360,Offer,Toys,490.2,2024-07-19,ADMIN
361,Want,Beauty,960.79,2026-02-03,ADMIN
362,Lead,Sports,891.58,2024-07-07,ADMIN
363,Product,Beauty,707.31,2024-11-27,ADMIN
364,Particular,Beauty,176.14,2026-01-01,ADMIN
365,Thought,Books,965.47,2025-08-06,ADMIN
366,Low,Home & Kitchen,615.91,2025-11-25,ADMIN
367,Hand,Books,774.64,2025-06-24,ADMIN
368,Seven,Beauty,435.57,2025-06-15,ADMIN
369,Have,Sports,592.47,2025-04-05,ADMIN
370,Among,Home & Kitchen,851.71,2026-01-05,ADMIN
371,Movie,Toys,934.62,2024-08-16,ADMIN
372,Mr,Home & Kitchen,881.63,2025-11-17,ADMIN
373,Important,Clothing,750.48,2025-09-12,ADMIN
374,Professor,Books,610.33,2026-02-09,ADMIN
375,Happen,Beauty,336.4,2024-07-23,ADMIN
376,Eat,Beauty,850.95,2026-05-09,ADMIN
377,Should,Clothing,487.55,2025-10-15,ADMIN
378,Floor,Home & Kitchen,797.83,2025-11-13,ADMIN
379,Rich,Home & Kitchen,279.66,2024-08-27,ADMIN
380,Glass,Books,701.18,2024-06-19,ADMIN
381,Record,Home & Kitchen,555.79,2025-04-08,ADMIN
382,Write,Books,948.06,2025-11-27,ADMIN
383,Center,Electronics,241.36,2024-08-18,ADMIN
384,Boy,Beauty,488.58,2024-09-22,ADMIN
385,Fight,Toys,240.32,2026-04-09,ADMIN
386,Performance,Beauty,645.9,2025-06-10,ADMIN
387,Congress,Beauty,448.17,2025-07-04,ADMIN
388,Something,Electronics,93.05,2025-03-23,ADMIN
389,Bar,Clothing,404.4,2025-03-20,ADMIN
390,Program,Clothing,306.21,2026-04-25,ADMIN
391,Standard,Books,369.02,2025-08-29,ADMIN
392,Send,Books,530.92,2024-07-25,ADMIN
393,Two,Beauty,996.63,2026-05-29,ADMIN
394,Add,Books,330.79,2026-05-13,ADMIN
395,Four,Sports,453.75,2026-04-12,ADMIN
396,Republican,Home & Kitchen,251.4,2024-08-18,ADMIN
397,Nothing,Electronics,721.28,2024-08-13,ADMIN
398,Democratic,Home & Kitchen,119.55,2024-06-27,ADMIN
399,Day,Books,950.88,2025-01-22,ADMIN
400,We,Sports,185.15,2025-10-26,ADMIN
401,Certain,Clothing,738.6,2024-11-16,ADMIN
402,Figure,Home & Kitchen,724.59,2024-11-28,ADMIN
403,Vote,Toys,524.64,2025-08-25,ADMIN
404,Get,Home & Kitchen,980.51,2025-07-25,ADMIN
405,Hope,Toys,194.12,2025-08-10,ADMIN
406,Fall,Clothing,360.88,2025-08-09,ADMIN
407,Machine,Home & Kitchen,14.15,2024-11-12,ADMIN
408,Expect,Books,126.58,2025-12-19,ADMIN
409,Position,Electronics,974.29,2026-01-14,ADMIN
410,Rate,Books,292.14,2024-06-23,ADMIN
411,Until,Clothing,637.87,2024-06-21,ADMIN
412,Keep,Toys,490.88,2025-06-19,ADMIN
413,West,Toys,12.27,2024-11-29,ADMIN
414,Foot,Home & Kitchen,469.4,2025-12-02,ADMIN
415,Word,Beauty,340.71,2026-04-05,ADMIN
416,Hear,Electronics,252.48,2025-05-29,ADMIN
417,Reach,Toys,477.73,2024-07-09,ADMIN
418,Blue,Toys,65.34,2024-12-03,ADMIN
419,Attorney,Beauty,74.08,2025-12-24,ADMIN
420,Dog,Sports,686.45,2024-09-16,ADMIN
421,Hot,Clothing,149.2,2024-10-11,ADMIN
422,Various,Books,949.13,2025-06-24,ADMIN
423,Red,Electronics,993.92,2025-02-18,ADMIN
424,Carry,Electronics,558.07,2025-05-16,ADMIN
425,Reason,Beauty,606.32,2026-04-01,ADMIN
426,Crime,Toys,618.42,2024-07-02,ADMIN
427,Official,Toys,522.57,2026-04-30,ADMIN
428,Line,Beauty,908.5,2026-04-27,ADMIN
429,Still,Home & Kitchen,860.17,2024-11-10,ADMIN
430,Rate,Beauty,305.38,2025-06-06,ADMIN
431,Friend,Books,60.23,2024-11-19,ADMIN
432,Perform,Sports,99.23,2024-08-04,ADMIN
433,Sister,Toys,207.79,2025-12-24,ADMIN
434,American,Clothing,264.65,2025-10-28,ADMIN
435,Product,Electronics,157.06,2025-10-09,ADMIN
436,Audience,Clothing,551.99,2025-09-09,ADMIN
437,Back,Clothing,2.68,2025-06-30,ADMIN
438,Artist,Beauty,689.37,2025-10-17,ADMIN
439,Not,Beauty,291.26,2025-04-02,ADMIN
440,Opportunity,Clothing,288.1,2025-01-09,ADMIN
441,Wife,Home & Kitchen,702.99,2025-01-26,ADMIN
442,Result,Beauty,71.18,2024-11-13,ADMIN
443,Each,Clothing,923.91,2024-12-24,ADMIN
444,Room,Toys,791.25,2025-10-25,ADMIN
445,Position,Books,661.18,2025-09-23,ADMIN
446,Enter,Clothing,425.14,2025-11-20,ADMIN
447,Big,Books,224.81,2026-01-21,ADMIN
448,Down,Clothing,908.41,2025-04-14,ADMIN
449,Staff,Toys,142.24,2025-10-17,ADMIN
450,Only,Electronics,165.92,2024-10-24,ADMIN
451,Tv,Home & Kitchen,595.04,2025-06-08,ADMIN
452,Officer,Toys,569.21,2025-06-27,ADMIN
453,Tv,Home & Kitchen,439.15,2025-02-27,ADMIN
454,Real,Beauty,688.68,2025-05-18,ADMIN
455,Order,Sports,402.51,2024-08-09,ADMIN
456,Us,Home & Kitchen,500.47,2024-06-21,ADMIN
457,Table,Beauty,437.76,2024-07-24,ADMIN
458,Vote,Books,39.86,2025-02-19,ADMIN
459,Last,Beauty,734.53,2025-12-05,ADMIN
460,Gas,Books,250.37,2026-01-19,ADMIN
461,News,Electronics,228.92,2026-05-20,ADMIN
462,Board,Sports,835.96,2025-07-28,ADMIN
463,Baby,Books,587.12,2025-11-01,ADMIN
464,Cup,Electronics,999.57,2024-09-13,ADMIN
465,Something,Sports,821.42,2025-08-25,ADMIN
466,Meeting,Books,40.23,2024-09-13,ADMIN
467,Increase,Toys,175.19,2024-06-27,ADMIN
468,Fight,Books,651.51,2025-04-22,ADMIN
469,High,Home & Kitchen,181.49,2025-02-26,ADMIN
470,School,Books,435.88,2024-08-05,ADMIN
471,Class,Toys,491.73,2024-11-18,ADMIN
472,Probably,Electronics,470.01,2026-01-30,ADMIN
473,Since,Beauty,333.31,2025-07-06,ADMIN
474,Her,Sports,104.6,2025-09-12,ADMIN
475,Over,Clothing,329.8,2024-11-29,ADMIN
476,Even,Sports,495.47,2025-04-04,ADMIN
477,Method,Sports,945.19,2025-05-01,ADMIN
478,Add,Toys,760.5,2025-02-01,ADMIN
479,Enjoy,Electronics,454.83,2026-04-01,ADMIN
480,Air,Home & Kitchen,252.4,2024-06-20,ADMIN
481,Every,Electronics,970.18,2024-08-28,ADMIN
482,Father,Beauty,864.91,2026-03-21,ADMIN
483,No,Toys,988.12,2025-06-30,ADMIN
484,Thank,Sports,869.37,2026-01-07,ADMIN
485,Although,Beauty,413.25,2026-01-02,ADMIN
486,Necessary,Clothing,518.44,2025-01-24,ADMIN
487,Than,Books,756.44,2025-11-16,ADMIN
488,First,Sports,442.04,2026-04-22,ADMIN
489,Leader,Electronics,203.56,2024-08-25,ADMIN
490,Reality,Books,131.01,2025-05-06,ADMIN
491,Again,Home & Kitchen,438.12,2025-09-07,ADMIN
492,Catch,Sports,484.71,2024-08-02,ADMIN
493,Focus,Electronics,973.15,2025-08-05,ADMIN
494,Part,Books,799.31,2025-08-21,ADMIN
495,Hard,Sports,158.38,2024-09-10,ADMIN
496,Five,Books,13.67,2025-10-26,ADMIN
497,With,Beauty,93.21,2026-01-23,ADMIN
498,Above,Toys,912.93,2025-10-25,ADMIN
499,First,Beauty,947.06,2025-06-06,ADMIN
500,Decide,Sports,832.14,2025-01-01,ADMIN
501,Central,Beauty,932.65,2024-08-22,ADMIN
502,Expert,Home & Kitchen,508.87,2025-04-03,ADMIN
503,Receive,Home & Kitchen,415.49,2025-02-09,ADMIN
504,Street,Beauty,980.24,2026-05-28,ADMIN
505,Weight,Clothing,456.79,2026-01-02,ADMIN
506,Market,Clothing,383.59,2025-04-21,ADMIN
507,Everybody,Books,508.24,2025-04-28,ADMIN
508,Third,Clothing,864.03,2025-04-10,ADMIN
509,Likely,Home & Kitchen,772.68,2025-02-27,ADMIN
510,West,Toys,414.94,2024-11-18,ADMIN
511,She,Toys,507.74,2024-07-15,ADMIN
512,Young,Toys,2.57,2024-11-25,ADMIN
513,Organization,Sports,298.56,2024-08-15,ADMIN
514,Difficult,Books,579.92,2025-02-14,ADMIN
515,Decade,Sports,489.64,2024-11-05,ADMIN
516,Support,Clothing,446.55,2024-06-09,ADMIN
517,Room,Beauty,345.12,2024-06-27,ADMIN
518,Collection,Books,762.87,2025-12-11,ADMIN
519,Reason,Beauty,455.34,2025-04-28,ADMIN
520,Which,Home & Kitchen,869.6,2024-12-01,ADMIN
521,Area,Sports,238.81,2025-01-25,ADMIN
522,Necessary,Beauty,233.56,2024-10-06,ADMIN
523,Right,Toys,410.78,2026-05-21,ADMIN
524,Member,Home & Kitchen,744.71,2024-07-27,ADMIN
525,Store,Sports,913.43,2025-01-29,ADMIN
526,Ahead,Beauty,386.08,2024-08-13,ADMIN
527,Skin,Sports,792.39,2026-04-22,ADMIN
528,Him,Sports,980.82,2025-06-14,ADMIN
529,Person,Beauty,964.82,2026-03-15,ADMIN
530,Maintain,Clothing,502.29,2025-08-14,ADMIN
531,A,Books,331.99,2026-02-01,ADMIN
532,Have,Electronics,874.19,2025-12-01,ADMIN
533,Agree,Beauty,99.71,2025-08-02,ADMIN
534,Manage,Beauty,15.35,2025-12-08,ADMIN
535,Work,Clothing,409.98,2025-05-15,ADMIN
536,Expect,Sports,969.96,2025-09-28,ADMIN
537,Onto,Electronics,469.49,2026-02-08,ADMIN
538,Car,Home & Kitchen,338.56,2026-01-18,ADMIN
539,May,Sports,397.48,2026-04-08,ADMIN
540,Pick,Electronics,851.77,2026-03-22,ADMIN
541,Control,Toys,674.36,2024-12-13,ADMIN
542,Wind,Books,380.01,2025-06-09,ADMIN
543,Choose,Home & Kitchen,626.8,2025-07-01,ADMIN
544,Whether,Toys,487.95,2025-04-12,ADMIN
545,Account,Books,35.9,2025-09-11,ADMIN
546,Anyone,Electronics,234.77,2025-03-07,ADMIN
547,Magazine,Sports,920.93,2025-06-21,ADMIN
548,Same,Clothing,746.77,2024-09-30,ADMIN
549,Offer,Beauty,978.34,2026-01-19,ADMIN
550,Deal,Toys,633.75,2025-03-22,ADMIN
551,Artist,Toys,100.51,2026-02-08,ADMIN
552,Benefit,Clothing,694.0,2024-10-10,ADMIN
553,Night,Electronics,45.99,2026-02-01,ADMIN
554,Nature,Toys,56.12,2024-07-21,ADMIN
555,Prevent,Home & Kitchen,374.84,2024-06-14,ADMIN
556,Area,Clothing,244.2,2026-01-18,ADMIN
557,Across,Beauty,565.93,2025-10-19,ADMIN
558,Allow,Toys,180.06,2026-05-22,ADMIN
559,Mention,Clothing,78.97,2026-03-03,ADMIN
560,Behind,Toys,382.54,2025-10-06,ADMIN
561,Consumer,Sports,240.83,2024-10-04,ADMIN
562,Training,Books,143.12,2026-03-04,ADMIN
563,Send,Beauty,637.9,2025-02-03,ADMIN
564,Member,Beauty,255.33,2025-09-05,ADMIN
565,Often,Electronics,898.91,2025-07-03,ADMIN
566,Whether,Beauty,901.21,2024-07-30,ADMIN
567,Music,Sports,546.6,2026-04-02,ADMIN
568,Realize,Electronics,441.73,2025-09-26,ADMIN
569,Whether,Home & Kitchen,987.65,2024-06-20,ADMIN
570,Win,Home & Kitchen,638.94,2024-10-22,ADMIN
571,Cold,Beauty,690.31,2024-11-10,ADMIN
572,Fly,Beauty,845.3,2025-09-09,ADMIN
573,Late,Clothing,999.37,2025-04-02,ADMIN
574,Study,Toys,483.21,2024-08-10,ADMIN
575,Worry,Clothing,381.36,2024-08-05,ADMIN
576,Glass,Home & Kitchen,574.81,2024-11-03,ADMIN
577,Wall,Sports,295.23,2025-07-23,ADMIN
578,Send,Toys,658.23,2024-10-19,ADMIN
579,Big,Home & Kitchen,8.1,2026-05-18,ADMIN
580,Such,Toys,685.8,2026-02-13,ADMIN
581,Box,Sports,973.6,2025-08-02,ADMIN
582,Author,Books,745.17,2024-11-21,ADMIN
583,Girl,Toys,904.16,2025-02-12,ADMIN
584,Upon,Home & Kitchen,775.74,2026-01-24,ADMIN
585,Eye,Clothing,607.06,2025-05-16,ADMIN
586,Heavy,Home & Kitchen,219.0,2025-07-23,ADMIN
587,Among,Clothing,620.89,2026-05-29,ADMIN
588,Film,Sports,755.58,2025-10-03,ADMIN
589,Speak,Toys,659.18,2025-06-20,ADMIN
590,Current,Toys,136.78,2024-09-24,ADMIN
591,Mean,Electronics,903.4,2025-10-08,ADMIN
592,Low,Sports,39.42,2025-08-10,ADMIN
593,Left,Toys,440.82,2025-09-30,ADMIN
594,Current,Books,364.86,2025-11-20,ADMIN
595,Figure,Clothing,90.13,2026-01-30,ADMIN
596,Per,Home & Kitchen,326.72,2026-01-30,ADMIN
597,Example,Beauty,175.64,2026-02-23,ADMIN
598,Half,Clothing,786.51,2025-08-31,ADMIN
599,Position,Home & Kitchen,530.85,2025-10-08,ADMIN
600,Statement,Home & Kitchen,830.47,2024-05-31,ADMIN
601,Focus,Home & Kitchen,914.05,2024-06-03,ADMIN
602,Out,Beauty,967.38,2024-10-29,ADMIN
603,Third,Home & Kitchen,746.56,2024-10-20,ADMIN
604,Follow,Home & Kitchen,804.23,2026-01-30,ADMIN
605,Western,Beauty,962.89,2025-12-30,ADMIN
606,Memory,Clothing,754.15,2025-07-13,ADMIN
607,It,Clothing,860.14,2025-06-08,ADMIN
608,Make,Sports,674.41,2024-11-04,ADMIN
609,Happy,Beauty,967.27,2024-12-04,ADMIN
610,Lot,Toys,557.31,2025-02-22,ADMIN
611,Kind,Electronics,790.68,2024-07-25,ADMIN
612,Sing,Electronics,264.46,2025-12-07,ADMIN
613,Hospital,Electronics,454.79,2026-05-20,ADMIN
614,Million,Sports,749.01,2025-11-23,ADMIN
615,Live,Home & Kitchen,584.56,2025-11-01,ADMIN
616,Level,Toys,638.55,2024-12-05,ADMIN
617,Result,Home & Kitchen,108.35,2025-08-27,ADMIN
618,Executive,Clothing,471.48,2024-11-22,ADMIN
619,None,Books,884.23,2024-09-26,ADMIN
620,Source,Books,328.01,2025-01-04,ADMIN
621,Prepare,Books,221.37,2026-03-10,ADMIN
622,Contain,Electronics,635.4,2024-10-06,ADMIN
623,Partner,Beauty,909.39,2024-06-25,ADMIN
624,Gas,Home & Kitchen,649.24,2025-11-10,ADMIN
625,Us,Electronics,139.78,2025-08-16,ADMIN
626,Forget,Electronics,304.36,2025-11-28,ADMIN
627,Involve,Beauty,116.12,2025-04-16,ADMIN
628,Person,Clothing,887.26,2026-01-01,ADMIN
629,Glass,Clothing,388.65,2026-03-26,ADMIN
630,Carry,Home & Kitchen,670.49,2024-08-12,ADMIN
631,Rest,Sports,696.48,2024-08-26,ADMIN
632,Goal,Books,419.13,2025-09-16,ADMIN
633,Sort,Sports,726.6,2025-06-22,ADMIN
634,Blood,Beauty,654.92,2025-07-12,ADMIN
635,Style,Toys,489.35,2026-05-07,ADMIN
636,Candidate,Beauty,939.05,2024-12-29,ADMIN
637,Entire,Home & Kitchen,32.72,2024-07-04,ADMIN
638,Discussion,Home & Kitchen,217.27,2025-10-15,ADMIN
639,Ten,Beauty,950.56,2025-03-12,ADMIN
640,Then,Toys,362.69,2025-02-10,ADMIN
641,Point,Sports,367.33,2024-07-21,ADMIN
642,Investment,Sports,358.67,2026-02-25,ADMIN
643,Character,Beauty,275.88,2026-04-30,ADMIN
644,Realize,Electronics,949.01,2024-06-20,ADMIN
645,Story,Toys,454.72,2026-02-06,ADMIN
646,Ok,Sports,212.11,2025-07-15,ADMIN
647,Notice,Sports,597.15,2025-10-07,ADMIN
648,Measure,Electronics,50.58,2025-07-06,ADMIN
649,Them,Home & Kitchen,243.57,2025-06-26,ADMIN
650,Claim,Clothing,786.98,2026-05-05,ADMIN
651,Light,Clothing,68.61,2025-03-26,ADMIN
652,Seat,Toys,554.21,2025-04-11,ADMIN
653,Look,Books,215.95,2026-05-15,ADMIN
654,Thus,Toys,233.0,2024-07-10,ADMIN
655,Return,Toys,147.55,2026-04-10,ADMIN
656,Appear,Books,2.84,2026-02-12,ADMIN
657,Interview,Toys,984.03,2025-12-14,ADMIN
658,Mouth,Clothing,540.22,2024-10-25,ADMIN
659,Series,Toys,174.5,2024-09-17,ADMIN
660,Raise,Sports,866.45,2024-06-21,ADMIN
661,Sign,Clothing,14.86,2024-10-20,ADMIN
662,Recognize,Toys,788.43,2025-08-24,ADMIN
663,Across,Books,323.77,2025-04-17,ADMIN
664,Next,Clothing,265.37,2025-12-27,ADMIN
665,Sure,Clothing,741.72,2025-01-19,ADMIN
666,Professor,Books,113.65,2025-09-03,ADMIN
667,Challenge,Electronics,476.25,2024-11-28,ADMIN
668,Share,Toys,362.04,2025-04-05,ADMIN
669,Once,Books,109.05,2025-03-13,ADMIN
670,Theory,Books,221.55,2025-04-14,ADMIN
671,Nor,Books,43.37,2024-12-13,ADMIN
672,Decision,Toys,908.75,2026-04-19,ADMIN
673,Strong,Sports,521.45,2026-01-29,ADMIN
674,Center,Beauty,643.34,2025-02-24,ADMIN
675,Answer,Electronics,60.83,2026-04-24,ADMIN
676,Accept,Beauty,847.3,2024-06-29,ADMIN
677,Run,Beauty,686.1,2026-01-30,ADMIN
678,Such,Beauty,712.4,2026-02-24,ADMIN
679,Air,Beauty,73.49,2026-01-24,ADMIN
680,Ok,Electronics,322.11,2024-10-13,ADMIN
681,Including,Clothing,65.68,2025-02-03,ADMIN
682,Lay,Home & Kitchen,624.32,2025-04-23,ADMIN
683,Two,Books,548.36,2024-12-27,ADMIN
684,Heart,Home & Kitchen,380.9,2024-10-03,ADMIN
685,Event,Books,530.56,2025-05-21,ADMIN
686,Win,Beauty,505.55,2025-03-19,ADMIN
687,Window,Beauty,99.18,2025-04-18,ADMIN
688,Put,Sports,114.41,2024-11-17,ADMIN
689,Available,Sports,650.92,2025-07-31,ADMIN
690,Baby,Toys,551.34,2024-11-05,ADMIN
691,Thought,Toys,215.02,2025-02-23,ADMIN
692,Against,Beauty,888.09,2025-05-31,ADMIN
693,Serious,Beauty,338.93,2024-09-28,ADMIN
694,Actually,Beauty,398.73,2025-05-15,ADMIN
695,Animal,Sports,95.09,2024-09-27,ADMIN
696,Expect,Beauty,312.52,2024-10-17,ADMIN
697,North,Home & Kitchen,374.3,2024-08-21,ADMIN
698,Pick,Clothing,686.82,2025-06-13,ADMIN
699,About,Beauty,67.13,2025-01-19,ADMIN
700,Anyone,Toys,85.36,2026-05-18,ADMIN
701,Resource,Beauty,96.56,2025-10-03,ADMIN
702,Interview,Sports,372.65,2026-02-15,ADMIN
703,Leg,Clothing,556.37,2025-04-11,ADMIN
704,Defense,Books,956.62,2024-07-29,ADMIN
705,Federal,Books,329.65,2025-08-22,ADMIN
706,Look,Electronics,410.81,2025-12-31,ADMIN
707,Fly,Toys,665.34,2024-12-27,ADMIN
708,Suddenly,Toys,422.94,2025-08-01,ADMIN
709,Someone,Sports,51.45,2024-10-26,ADMIN
710,Together,Home & Kitchen,600.41,2024-12-12,ADMIN
711,Open,Home & Kitchen,103.6,2025-12-28,ADMIN
712,Teach,Books,212.74,2025-09-26,ADMIN
713,Should,Sports,482.19,2025-01-08,ADMIN
714,Against,Toys,108.22,2026-01-11,ADMIN
715,Like,Toys,556.27,2024-06-27,ADMIN
716,Blue,Electronics,762.61,2024-11-19,ADMIN
717,Music,Books,226.16,2025-09-01,ADMIN
718,True,Beauty,845.16,2026-02-24,ADMIN
719,Even,Toys,818.43,2025-03-20,ADMIN
720,Left,Books,674.98,2025-12-20,ADMIN
721,Generation,Books,26.25,2024-11-16,ADMIN
722,Strong,Sports,829.46,2026-02-15,ADMIN
723,Feeling,Home & Kitchen,28.95,2025-02-04,ADMIN
724,High,Home & Kitchen,702.7,2026-04-25,ADMIN
725,Anything,Home & Kitchen,921.54,2025-04-17,ADMIN
726,Leg,Home & Kitchen,6.11,2026-04-08,ADMIN
727,Year,Toys,143.25,2026-03-26,ADMIN
728,Never,Sports,400.78,2025-10-16,ADMIN
729,He,Clothing,740.97,2025-09-01,ADMIN
730,Clear,Electronics,91.76,2025-08-18,ADMIN
731,Sign,Books,215.13,2026-04-08,ADMIN
732,Sing,Beauty,453.65,2025-03-02,ADMIN
733,Space,Clothing,370.05,2025-10-20,ADMIN
734,Mission,Sports,324.38,2025-12-26,ADMIN
735,Million,Books,596.22,2025-09-14,ADMIN
736,Mr,Electronics,155.58,2024-10-11,ADMIN
737,Address,Toys,617.84,2025-12-12,ADMIN
738,Couple,Sports,81.58,2026-04-02,ADMIN
739,Draw,Beauty,661.94,2024-12-26,ADMIN
740,Organization,Beauty,607.08,2026-02-01,ADMIN
741,Particularly,Beauty,273.17,2025-07-20,ADMIN
742,Tv,Toys,512.35,2025-03-01,ADMIN
743,Staff,Home & Kitchen,429.91,2025-05-08,ADMIN
744,House,Home & Kitchen,678.22,2025-10-02,ADMIN
745,Information,Books,486.63,2024-11-22,ADMIN
746,Street,Sports,308.42,2025-09-15,ADMIN
747,Newspaper,Clothing,395.26,2025-01-06,ADMIN
748,To,Books,54.78,2025-01-16,ADMIN
749,Sell,Clothing,301.42,2025-06-04,ADMIN
750,Just,Clothing,767.35,2026-02-20,ADMIN
751,Throw,Toys,255.52,2025-03-24,ADMIN
752,Agree,Home & Kitchen,119.98,2025-11-21,ADMIN
753,Another,Beauty,747.01,2025-10-17,ADMIN
754,Region,Clothing,129.19,2025-09-28,ADMIN
755,Employee,Books,703.67,2025-09-04,ADMIN
756,American,Books,558.72,2024-08-13,ADMIN
757,Share,Sports,806.2,2025-06-02,ADMIN
758,Wonder,Electronics,397.07,2026-04-20,ADMIN
759,Bag,Sports,42.3,2026-01-11,ADMIN
760,Sound,Electronics,459.75,2025-10-17,ADMIN
761,Brother,Electronics,862.11,2025-09-08,ADMIN
762,Let,Books,429.28,2024-07-02,ADMIN
763,Commercial,Beauty,709.5,2024-10-04,ADMIN
764,Theory,Beauty,289.52,2024-08-01,ADMIN
765,Decide,Beauty,20.86,2024-07-25,ADMIN
766,Everybody,Home & Kitchen,171.87,2026-01-24,ADMIN
767,Hit,Books,460.1,2024-09-28,ADMIN
768,Skill,Sports,919.77,2025-12-23,ADMIN
769,Mention,Electronics,436.71,2025-11-16,ADMIN
770,Data,Electronics,243.32,2024-09-16,ADMIN
771,Entire,Books,400.45,2025-06-16,ADMIN
772,Ask,Electronics,395.77,2025-03-14,ADMIN
773,Something,Home & Kitchen,745.8,2025-08-09,ADMIN
774,Bill,Clothing,333.07,2026-03-17,ADMIN
775,Opportunity,Clothing,76.38,2025-06-04,ADMIN
776,This,Sports,114.03,2024-12-28,ADMIN
777,Few,Books,193.9,2024-12-08,ADMIN
778,Throw,Toys,349.38,2026-03-27,ADMIN
779,Improve,Sports,958.22,2025-03-27,ADMIN
780,As,Sports,815.04,2026-02-19,ADMIN
781,Tough,Clothing,102.8,2025-11-09,ADMIN
782,Fund,Home & Kitchen,197.27,2024-06-08,ADMIN
783,Color,Books,152.87,2025-07-15,ADMIN
784,Discussion,Toys,655.51,2025-08-26,ADMIN
785,Remain,Clothing,951.29,2025-01-03,ADMIN
786,Interest,Sports,494.12,2025-12-20,ADMIN
787,Father,Toys,563.74,2024-08-20,ADMIN
788,Drug,Books,448.91,2025-12-06,ADMIN
789,Heart,Books,642.99,2025-08-10,ADMIN
790,Car,Books,323.21,2025-02-27,ADMIN
791,Kind,Sports,316.14,2025-01-13,ADMIN
792,Question,Beauty,68.29,2024-12-10,ADMIN
793,Dinner,Beauty,631.39,2025-05-07,ADMIN
794,I,Toys,274.67,2025-04-16,ADMIN
795,Piece,Electronics,351.94,2026-03-16,ADMIN
796,Wide,Electronics,310.41,2026-01-17,ADMIN
797,Human,Beauty,37.61,2025-08-13,ADMIN
798,Walk,Home & Kitchen,831.7,2024-09-20,ADMIN
799,Green,Electronics,644.67,2026-01-25,ADMIN
800,Act,Toys,90.3,2025-04-23,ADMIN
801,Message,Books,507.07,2025-07-18,ADMIN
802,Say,Beauty,580.33,2026-03-08,ADMIN
803,Though,Toys,738.92,2024-09-10,ADMIN
804,Play,Electronics,449.73,2026-05-03,ADMIN
805,Oil,Toys,571.66,2026-03-28,ADMIN
806,Maybe,Clothing,321.53,2026-01-12,ADMIN
807,Short,Beauty,501.37,2024-08-24,ADMIN
808,Now,Electronics,450.52,2026-03-21,ADMIN
809,Southern,Toys,899.13,2025-06-05,ADMIN
810,Heart,Home & Kitchen,982.39,2025-01-26,ADMIN
811,Dog,Electronics,504.55,2024-12-14,ADMIN
812,Degree,Clothing,39.14,2024-08-03,ADMIN
813,System,Sports,437.76,2026-03-27,ADMIN
814,Continue,Beauty,524.07,2025-04-24,ADMIN
815,Why,Books,158.75,2025-01-29,ADMIN
816,Watch,Home & Kitchen,917.94,2024-11-26,ADMIN
817,Across,Beauty,408.77,2024-06-01,ADMIN
818,Population,Home & Kitchen,678.9,2024-10-26,ADMIN
819,Around,Electronics,789.23,2026-05-25,ADMIN
820,Music,Sports,334.65,2026-05-14,ADMIN
821,Feel,Home & Kitchen,94.51,2025-10-06,ADMIN
822,Level,Sports,386.56,2024-12-13,ADMIN
823,South,Home & Kitchen,723.73,2024-12-02,ADMIN
824,Student,Sports,964.41,2025-07-30,ADMIN
825,Student,Books,873.28,2026-03-14,ADMIN
826,Front,Home & Kitchen,81.5,2025-10-17,ADMIN
827,Need,Sports,141.43,2025-12-20,ADMIN
828,Spend,Home & Kitchen,310.23,2025-09-07,ADMIN
829,Out,Sports,698.48,2026-03-04,ADMIN
830,Ground,Beauty,128.95,2024-11-26,ADMIN
831,Want,Sports,938.0,2025-11-25,ADMIN
832,Structure,Home & Kitchen,558.92,2024-11-05,ADMIN
833,Democrat,Sports,791.66,2024-11-27,ADMIN
834,Option,Toys,127.79,2024-12-29,ADMIN
835,Receive,Sports,828.96,2026-05-28,ADMIN
836,Respond,Sports,997.16,2025-01-14,ADMIN
837,Resource,Books,93.45,2024-10-18,ADMIN
838,Church,Sports,423.41,2025-10-23,ADMIN
839,Card,Home & Kitchen,18.23,2025-02-27,ADMIN
840,Keep,Home & Kitchen,180.26,2024-06-29,ADMIN
841,Increase,Clothing,341.73,2026-03-28,ADMIN
842,Democratic,Toys,486.27,2024-09-29,ADMIN
843,Next,Clothing,999.98,2024-12-25,ADMIN
844,Future,Clothing,77.17,2025-11-01,ADMIN
845,Report,Toys,788.12,2025-08-12,ADMIN
846,Would,Books,770.87,2024-08-19,ADMIN
847,Style,Toys,738.64,2025-10-10,ADMIN
848,Peace,Books,37.75,2025-10-02,ADMIN
849,Lawyer,Home & Kitchen,876.39,2025-10-02,ADMIN
850,Those,Books,131.05,2024-11-19,ADMIN
851,Choose,Beauty,154.25,2025-05-21,ADMIN
852,Market,Clothing,831.35,2024-12-30,ADMIN
853,Hair,Toys,624.74,2024-09-21,ADMIN
854,Several,Clothing,721.18,2024-06-28,ADMIN
855,Crime,Electronics,410.86,2025-03-19,ADMIN
856,Country,Sports,719.59,2025-01-13,ADMIN
857,Ahead,Beauty,610.6,2025-09-29,ADMIN
858,Hot,Toys,748.54,2025-12-11,ADMIN
859,Girl,Beauty,234.0,2026-03-14,ADMIN
860,Appear,Clothing,309.47,2025-12-04,ADMIN
861,Reduce,Toys,784.37,2026-03-10,ADMIN
862,Poor,Toys,194.02,2024-11-01,ADMIN
863,Cultural,Sports,947.13,2025-05-20,ADMIN
864,He,Beauty,461.68,2025-11-18,ADMIN
865,Offer,Home & Kitchen,778.12,2026-05-06,ADMIN
866,Many,Books,527.46,2024-12-08,ADMIN
867,Home,Clothing,816.89,2025-02-18,ADMIN
868,Available,Toys,604.66,2025-08-06,ADMIN
869,Various,Toys,250.0,2025-01-13,ADMIN
870,Might,Sports,480.59,2025-07-23,ADMIN
871,Or,Home & Kitchen,554.54,2025-05-24,ADMIN
872,Follow,Electronics,711.4,2025-12-10,ADMIN
873,Between,Books,851.17,2025-01-11,ADMIN
874,World,Home & Kitchen,83.88,2025-07-10,ADMIN
875,Five,Clothing,272.79,2025-11-29,ADMIN
876,Once,Books,147.35,2025-12-08,ADMIN
877,Continue,Beauty,91.71,2026-05-29,ADMIN
878,Spring,Clothing,816.7,2026-04-27,ADMIN
879,Look,Home & Kitchen,930.47,2024-10-10,ADMIN
880,Medical,Beauty,53.26,2026-02-27,ADMIN
881,Look,Books,373.96,2025-01-21,ADMIN
882,Game,Beauty,994.53,2024-09-13,ADMIN
883,Sound,Home & Kitchen,224.54,2026-04-15,ADMIN
884,Together,Home & Kitchen,930.83,2024-10-31,ADMIN
885,Forward,Toys,714.7,2025-03-30,ADMIN
886,Policy,Home & Kitchen,791.38,2024-06-15,ADMIN
887,Area,Clothing,38.3,2024-07-10,ADMIN
888,Whom,Toys,472.45,2024-08-24,ADMIN
889,Always,Toys,138.79,2025-04-02,ADMIN
890,Once,Sports,469.11,2024-11-17,ADMIN
891,At,Books,5.25,2026-02-17,ADMIN
892,Politics,Electronics,19.0,2024-06-29,ADMIN
893,Price,Clothing,834.96,2025-05-10,ADMIN
894,Camera,Books,940.23,2026-04-22,ADMIN
895,Your,Books,527.77,2026-03-27,ADMIN
896,Professional,Electronics,776.17,2025-05-31,ADMIN
897,Before,Clothing,301.15,2025-10-03,ADMIN
898,Some,Electronics,238.44,2025-10-21,ADMIN
899,Effect,Sports,793.9,2024-11-07,ADMIN
900,Forget,Beauty,62.81,2024-12-20,ADMIN
901,Morning,Toys,905.15,2025-07-21,ADMIN
902,Away,Books,536.05,2025-10-18,ADMIN
903,Moment,Sports,515.38,2026-02-27,ADMIN
904,Effort,Clothing,718.54,2024-08-28,ADMIN
905,Friend,Home & Kitchen,429.24,2025-05-31,ADMIN
906,Six,Books,352.82,2025-06-10,ADMIN
907,Wall,Books,416.57,2026-04-30,ADMIN
908,Draw,Sports,668.21,2024-10-10,ADMIN
909,Prepare,Books,974.65,2025-09-25,ADMIN
910,Record,Electronics,953.4,2026-03-11,ADMIN
911,Radio,Books,507.33,2024-10-09,ADMIN
912,Fast,Books,554.15,2025-02-21,ADMIN
913,All,Beauty,873.33,2025-11-06,ADMIN
914,Rest,Electronics,635.67,2025-01-04,ADMIN
915,Among,Home & Kitchen,253.65,2025-07-22,ADMIN
916,Her,Electronics,357.09,2025-10-02,ADMIN
917,Few,Electronics,344.8,2024-12-23,ADMIN
918,Lawyer,Sports,657.1,2024-08-16,ADMIN
919,Job,Electronics,771.5,2025-12-10,ADMIN
920,Wrong,Sports,756.68,2026-03-18,ADMIN
921,Everyone,Clothing,44.34,2024-09-28,ADMIN
922,Until,Books,338.55,2025-07-23,ADMIN
923,Try,Sports,175.09,2026-04-28,ADMIN
924,Yard,Toys,684.68,2026-05-29,ADMIN
925,Both,Sports,478.53,2026-05-10,ADMIN
926,Play,Clothing,811.5,2025-02-14,ADMIN
927,Notice,Electronics,716.05,2026-03-28,ADMIN
928,Red,Beauty,36.98,2025-07-15,ADMIN
929,Tell,Clothing,43.81,2025-05-16,ADMIN
930,New,Clothing,885.79,2025-12-28,ADMIN
931,Trouble,Home & Kitchen,933.37,2025-10-29,ADMIN
932,Arm,Books,398.22,2026-03-12,ADMIN
933,Wall,Toys,543.03,2026-04-07,ADMIN
934,American,Home & Kitchen,36.62,2024-11-04,ADMIN
935,Growth,Sports,191.1,2025-11-20,ADMIN
936,Trouble,Home & Kitchen,862.14,2025-01-17,ADMIN
937,Him,Electronics,865.8,2025-12-21,ADMIN
938,In,Home & Kitchen,273.22,2024-06-08,ADMIN
939,Certainly,Toys,368.02,2025-08-29,ADMIN
940,Coach,Beauty,743.31,2025-11-15,ADMIN
941,Woman,Beauty,339.04,2024-12-15,ADMIN
942,Down,Clothing,496.2,2024-09-02,ADMIN
943,Car,Beauty,367.35,2025-11-17,ADMIN
944,Major,Toys,519.28,2025-07-12,ADMIN
945,Authority,Toys,82.61,2025-09-04,ADMIN
946,Rest,Beauty,78.93,2024-12-08,ADMIN
947,Political,Books,995.1,2025-01-18,ADMIN
948,When,Clothing,545.47,2024-11-07,ADMIN
949,Beautiful,Home & Kitchen,102.6,2025-08-08,ADMIN
950,Fire,Home & Kitchen,660.92,2025-03-28,ADMIN
951,Sound,Home & Kitchen,445.92,2024-07-11,ADMIN
952,Foot,Sports,426.12,2025-11-07,ADMIN
953,Keep,Sports,443.91,2024-11-03,ADMIN
954,Stuff,Beauty,42.36,2025-11-16,ADMIN
955,Decision,Toys,911.61,2025-03-16,ADMIN
956,Everyone,Books,998.15,2026-03-07,ADMIN
957,Early,Home & Kitchen,639.47,2025-09-13,ADMIN
958,While,Toys,947.9,2026-02-24,ADMIN
959,Factor,Electronics,671.18,2025-09-20,ADMIN
960,Site,Beauty,363.31,2024-07-27,ADMIN
961,Move,Toys,749.9,2025-03-11,ADMIN
962,Group,Clothing,952.79,2025-03-29,ADMIN
963,Everything,Clothing,848.67,2025-03-03,ADMIN
964,Television,Sports,781.31,2025-07-01,ADMIN
965,Certain,Electronics,126.23,2024-07-18,ADMIN
966,Rate,Clothing,778.52,2026-02-04,ADMIN
967,Lead,Home & Kitchen,362.15,2025-07-19,ADMIN
968,Firm,Books,32.39,2025-10-30,ADMIN
969,Wonder,Clothing,679.06,2026-03-04,ADMIN
970,Account,Home & Kitchen,372.01,2025-02-02,ADMIN
971,Traditional,Toys,76.89,2025-08-16,ADMIN
972,Stuff,Clothing,529.46,2025-10-03,ADMIN
973,College,Beauty,314.39,2024-06-19,ADMIN
974,Both,Home & Kitchen,249.61,2025-03-08,ADMIN
975,Call,Electronics,25.91,2024-11-26,ADMIN
976,Military,Clothing,499.04,2025-11-13,ADMIN
977,Time,Beauty,913.54,2025-05-05,ADMIN
978,Side,Electronics,261.78,2025-07-18,ADMIN
979,Check,Home & Kitchen,704.04,2025-07-14,ADMIN
980,Office,Clothing,996.37,2025-07-30,ADMIN
981,Debate,Home & Kitchen,693.98,2025-10-11,ADMIN
982,Necessary,Beauty,200.18,2025-02-02,ADMIN
983,Spend,Clothing,852.83,2025-02-27,ADMIN
984,Begin,Beauty,172.66,2026-02-02,ADMIN
985,Game,Sports,445.11,2025-09-29,ADMIN
986,Radio,Electronics,810.51,2024-10-28,ADMIN
987,Receive,Toys,986.57,2025-01-13,ADMIN
988,Piece,Sports,347.43,2026-03-17,ADMIN
989,Well,Electronics,550.0,2026-04-30,ADMIN
990,Might,Home & Kitchen,891.33,2026-03-05,ADMIN
991,Skill,Toys,157.51,2024-11-06,ADMIN
992,Stop,Sports,927.32,2026-05-19,ADMIN
993,Suffer,Sports,174.09,2025-07-25,ADMIN
994,Management,Home & Kitchen,508.76,2024-12-20,ADMIN
995,Region,Electronics,985.13,2025-09-09,ADMIN
996,Great,Toys,138.88,2025-10-28,ADMIN
997,Talk,Toys,494.02,2025-01-20,ADMIN
998,Appear,Home & Kitchen,554.02,2025-03-21,ADMIN
999,Others,Home & Kitchen,467.41,2024-11-01,ADMIN
1000,Finally,Books,129.77,2025-12-22,ADMIN
